{"cameraMode":{"drawMode":0,"name":"Shaded","section":"Shading Mode"},"sceneLighting":false,"audioPlay":false,"sceneViewState":{"m_AlwaysRefresh":false,"showFog":true,"showSkybox":false,"showFlares":true,"showImageEffects":true,"showParticleSystems":true,"showVisualEffectGraphs":true,"m_FxEnabled":true},"in2DMode":false,"pivot":{"x":1.9199998378753663,"y":0.4250990152359009,"z":0.43114688992500307},"rotation":{"x":-0.15670639276504517,"y":-0.5704817175865173,"z":0.11197074502706528,"w":-0.7984154224395752},"size":0.3464101552963257,"orthographic":false}