{"cameraMode":{"drawMode":0,"name":"Shaded","section":"Shading Mode"},"sceneLighting":false,"audioPlay":false,"sceneViewState":{"m_AlwaysRefresh":false,"showFog":true,"showSkybox":false,"showFlares":true,"showImageEffects":true,"showParticleSystems":true,"showVisualEffectGraphs":true,"m_FxEnabled":true},"in2DMode":false,"pivot":{"x":1.8455150127410889,"y":1.7982094287872315,"z":-0.15470069646835328},"rotation":{"x":-0.11992177367210388,"y":0.8553443551063538,"z":-0.22828198969364167,"w":-0.4493313431739807},"size":0.8660253882408142,"orthographic":false}